,Order ID,Amount,Profit,Quantity,Category,Sub-Category,Payment Mode,Order Date,Customer Name,State,year,Month,Quarter,Year
0,OD1000,50000.0,296.4266502330709,2,Electronics,Accessories,,2026-01-19 23:00:07,Customer_33,Delhi,,1,1,2026
1,OD1001,-100.0,148.43790233210945,1,Clothing,T-shirts,,2025-12-19 00:14:34,Customer_45,Delhi,,12,4,2025
2,OD1002,99999.0,200.2168115005902,4,Electronics,Accessories,,2026-02-01 16:25:17,Customer_15,Tamil Nadu,,2,1,2026
3,OD1003,4881.577690711009,1113.8331818946067,5,Clothing,Jeans,UPI,2026-02-08 02:41:08,Customer_39,Gujarat,,2,1,2026
4,OD1004,964.3568077135892,-89.4067441249421,4,Electronics,Phones,UPI,2025-12-28 02:53:54,Customer_15,Maharashtra,,12,4,2025
5,OD1005,2108.5182731238115,76.43342428373131,2,Furniture,Chairs,COD,2026-01-05 10:26:50,Customer_26,Gujarat,,1,1,2026
6,OD1006,1961.0399709836752,,2,Furniture,Chairs,COD,2026-01-21 11:13:46,Customer_2,Tamil Nadu,,1,1,2026
7,OD1007,5754.303261486008,1281.6783825097311,5,Electronics,Laptops,Debit Card,2025-12-26 01:36:07,Customer_21,Gujarat,,12,4,2025
8,OD1008,2170.1780185323814,,5,Furniture,Chairs,COD,2026-01-25 19:08:14,Customer_28,Maharashtra,,1,1,2026
9,OD1009,807.353321427,186.161939969391,1,Furniture,Chairs,COD,2026-02-08 23:57:48,Customer_41,Karnataka,,2,1,2026
10,OD1010,1286.0004017338256,53.963246831608885,1,Electronics,Phones,Debit Card,2026-02-03 21:57:44,Customer_47,Gujarat,,2,1,2026
11,OD1011,1141.9290308093675,,5,Clothing,T-shirts,Credit Card,2025-12-28 03:08:55,Customer_47,Maharashtra,,12,4,2025
12,OD1012,3960.9421329180705,-304.8994462244285,5,Clothing,Shirts,UPI,2026-02-05 05:43:47,Customer_35,Karnataka,,2,1,2026
13,OD1013,3264.4922322905168,938.4134755296174,3,Clothing,Shirts,UPI,2026-01-14 00:05:20,Customer_32,Gujarat,,1,1,2026
14,OD1014,2058.0349229972135,120.72564733413468,5,Electronics,Phones,UPI,2026-01-13 18:43:13,Customer_8,Tamil Nadu,,1,1,2026
15,OD1015,2741.4827523524855,672.3634731342997,3,Electronics,Laptops,Credit Card,2026-01-12 09:17:00,Customer_15,Maharashtra,,1,1,2026
16,OD1016,867.6040135125451,182.94191198776173,4,Electronics,Laptops,Debit Card,2025-12-20 11:32:12,Customer_45,Delhi,,12,4,2025
17,OD1017,1365.4651302671828,84.76921505789053,3,Furniture,Bookcases,UPI,2026-01-30 13:09:47,Customer_42,Gujarat,,1,1,2026
18,OD1018,1141.8963197206172,196.88093418257748,1,Electronics,Accessories,UPI,2025-12-18 08:42:01,Customer_8,Gujarat,,12,4,2025
19,OD1019,413.03417392723367,117.8341129616547,1,Electronics,Phones,COD,2026-01-16 00:49:40,Customer_15,Tamil Nadu,,1,1,2026
20,OD1020,803.8054830872093,216.9128031847765,5,Electronics,Accessories,Credit Card,2026-01-10 07:50:23,Customer_32,Karnataka,,1,1,2026
21,OD1021,403.5327492210877,7.181905876724825,1,Electronics,Laptops,COD,2025-12-25 22:06:26,Customer_7,Uttar Pradesh,,12,4,2025
22,OD1022,1381.3560783367489,,1,Clothing,Jeans,Credit Card,2026-01-02 04:20:01,Customer_45,Gujarat,,1,1,2026
23,OD1023,4022.3508253448535,222.46557938430465,4,Electronics,Laptops,UPI,2025-12-31 01:13:22,Customer_44,Gujarat,,12,4,2025
24,OD1024,5922.780169085776,1061.745324935855,4,Electronics,Phones,COD,2026-01-25 19:15:49,Customer_15,Tamil Nadu,,1,1,2026
25,OD1025,6876.4902914568975,1574.8187169834682,5,Electronics,Phones,Debit Card,2025-12-19 22:56:10,Customer_7,Tamil Nadu,,12,4,2025
26,OD1026,431.6955760988572,108.2107964742804,2,Clothing,Shirts,COD,2026-01-06 07:02:03,Customer_8,Maharashtra,,1,1,2026
27,OD1027,2964.3731620818444,-118.08059816374993,2,Furniture,Chairs,Debit Card,2026-01-15 11:14:55,Customer_28,Uttar Pradesh,,1,1,2026
28,OD1028,1273.660186595593,,1,Clothing,Jeans,Debit Card,2026-01-30 21:47:40,Customer_22,Tamil Nadu,,1,1,2026
29,OD1029,4952.2456511284345,1485.1144348421476,4,Clothing,T-shirts,Debit Card,2026-01-08 12:22:57,Customer_5,Tamil Nadu,,1,1,2026
30,OD1030,1257.981537972202,-4.486046534899913,2,Electronics,Laptops,UPI,2026-02-04 02:39:30,Customer_39,Karnataka,,2,1,2026
31,OD1031,1680.3997108193912,283.4502832511764,4,Electronics,Phones,Credit Card,2026-02-02 04:57:53,Customer_45,Delhi,,2,1,2026
32,OD1032,2484.6867046703724,,3,Furniture,Tables,Credit Card,2026-01-19 10:21:11,Customer_42,Uttar Pradesh,,1,1,2026
33,OD1033,925.9382559926904,,1,Furniture,Bookcases,COD,2026-01-16 17:27:23,Customer_21,Uttar Pradesh,,1,1,2026
34,OD1034,4093.23444644183,601.3185909138924,3,Furniture,Bookcases,UPI,2026-01-05 14:40:13,Customer_27,Uttar Pradesh,,1,1,2026
35,OD1035,4097.466516873744,161.0393944911062,3,Clothing,Jeans,COD,2026-02-05 04:10:05,Customer_39,Gujarat,,2,1,2026
36,OD1036,2614.6183844908865,731.5917931783207,2,Furniture,Bookcases,Credit Card,2026-01-25 19:29:47,Customer_26,Delhi,,1,1,2026
37,OD1037,1938.2559163818555,75.52484593113202,2,Electronics,Phones,Debit Card,2026-01-01 19:56:27,Customer_39,Karnataka,,1,1,2026
38,OD1038,744.1668225770009,99.64873174826292,1,Clothing,Jeans,Credit Card,2025-12-24 18:54:21,Customer_19,Gujarat,,12,4,2025
39,OD1039,2463.991430429686,712.6950815426217,3,Electronics,Accessories,,2025-12-27 13:29:50,Customer_20,Karnataka,,12,4,2025
40,OD1040,980.052949289484,,2,Electronics,Phones,UPI,2026-01-06 14:33:01,Customer_39,Tamil Nadu,,1,1,2026
41,OD1041,560.4955152390029,17.95816719326757,2,Electronics,Laptops,UPI,2025-12-19 16:42:11,Customer_36,Maharashtra,,12,4,2025
42,OD1042,4167.664082233616,-314.94544042207264,3,Furniture,Bookcases,Credit Card,2026-01-09 23:48:11,Customer_41,Maharashtra,,1,1,2026
43,OD1043,1572.3562106855777,75.77002361535232,4,Clothing,Shirts,UPI,2026-01-12 09:12:05,Customer_22,Gujarat,,1,1,2026
44,OD1044,2292.918626774518,-195.6472229984115,2,Clothing,T-shirts,Debit Card,2026-01-18 07:05:40,Customer_39,Karnataka,,1,1,2026
45,OD1045,2534.8766381143255,-144.8205326894638,3,Clothing,Jeans,UPI,2026-02-05 18:57:35,Customer_32,Karnataka,,2,1,2026
46,OD1046,1775.9871493317064,223.03918750568005,5,Clothing,Shirts,Debit Card,2026-01-23 22:25:23,Customer_18,Delhi,,1,1,2026
47,OD1047,580.0976099895644,51.96977109334734,1,Furniture,Chairs,Debit Card,2026-01-07 12:16:24,Customer_38,Tamil Nadu,,1,1,2026
48,OD1048,3407.7966341838674,459.1544112985131,4,Furniture,Bookcases,Credit Card,2026-01-20 09:02:06,Customer_21,Delhi,,1,1,2026
49,OD1049,4017.136551456967,515.4441010399539,4,Electronics,Phones,COD,2026-02-05 18:58:14,Customer_28,Tamil Nadu,,2,1,2026
50,OD1050,1212.4773083428263,-47.112435780754495,5,Electronics,Phones,Credit Card,2026-02-06 18:22:45,Customer_43,Uttar Pradesh,,2,1,2026
51,OD1051,212.3272439262991,23.314498709532316,1,Clothing,T-shirts,COD,2026-01-21 20:40:29,Customer_47,Uttar Pradesh,,1,1,2026
52,OD1052,429.6800358265903,124.61875382038124,4,Furniture,Bookcases,Credit Card,2026-01-29 20:53:01,Customer_47,Karnataka,,1,1,2026
53,OD1053,1758.9361004390034,226.27846794715433,2,Furniture,Chairs,COD,2026-01-18 14:52:11,Customer_40,Tamil Nadu,,1,1,2026
54,OD1054,2782.444056251934,286.7145867997487,4,Furniture,Tables,Credit Card,2026-01-02 19:50:32,Customer_14,Maharashtra,,1,1,2026
55,OD1055,4042.727694515429,1102.8793077995329,5,Furniture,Tables,COD,2026-02-03 13:51:05,Customer_2,Delhi,,2,1,2026
56,OD1056,2971.8886506918466,,2,Furniture,Chairs,Credit Card,2026-02-12 02:30:45,Customer_48,Tamil Nadu,,2,1,2026
57,OD1057,933.894236850982,82.77149020415979,1,Electronics,Phones,UPI,2025-12-23 15:38:58,Customer_45,Maharashtra,,12,4,2025
58,OD1058,5804.1506997324705,-291.83914330587595,4,Electronics,Laptops,Debit Card,2026-02-01 10:18:13,Customer_3,Delhi,,2,1,2026
59,OD1059,1137.5689090060828,147.64421014475184,1,Clothing,Jeans,Credit Card,2026-01-06 02:14:09,Customer_23,Maharashtra,,1,1,2026
60,OD1060,1316.4732800479453,-45.14671448403163,4,Electronics,Laptops,Debit Card,2025-12-28 10:12:44,Customer_3,Uttar Pradesh,,12,4,2025
61,OD1061,2170.7008608603696,293.7450369532558,4,Furniture,Tables,,2025-12-26 20:26:06,Customer_48,Uttar Pradesh,,12,4,2025
62,OD1062,1146.6531322467515,115.91305075286486,1,Clothing,Shirts,COD,2025-12-20 15:15:04,Customer_44,Delhi,,12,4,2025
63,OD1063,2579.9671045763175,,3,Furniture,Chairs,Debit Card,2026-01-22 16:29:54,Customer_11,Delhi,,1,1,2026
64,OD1064,3967.9653848277594,780.0399533582575,5,Clothing,Jeans,COD,2026-01-10 21:53:57,Customer_3,Maharashtra,,1,1,2026
65,OD1065,5950.003573355258,-254.35554715131224,5,Electronics,Phones,UPI,2026-01-09 05:35:26,Customer_20,Delhi,,1,1,2026
66,OD1066,1157.828896404541,264.56728585257173,2,Electronics,Accessories,,2026-01-31 09:20:26,Customer_6,Tamil Nadu,,1,1,2026
67,OD1067,3904.502373969254,248.25634651400463,5,Clothing,Shirts,UPI,2025-12-26 15:10:45,Customer_8,Karnataka,,12,4,2025
68,OD1068,2815.9233320647713,,3,Clothing,T-shirts,UPI,2026-01-23 03:07:42,Customer_35,Uttar Pradesh,,1,1,2026
69,OD1069,2852.393350913083,-110.2719260507087,2,Furniture,Bookcases,Credit Card,2026-01-19 23:43:45,Customer_40,Delhi,,1,1,2026
70,OD1070,3720.5922694494006,-219.94256760249812,4,Electronics,Phones,COD,2026-01-31 03:16:51,Customer_25,Tamil Nadu,,1,1,2026
71,OD1071,906.8037042335384,129.38821016632488,1,Clothing,T-shirts,COD,2026-02-11 21:42:12,Customer_1,Maharashtra,,2,1,2026
72,OD1072,258.53326417705733,75.99235752780592,1,Furniture,Bookcases,Credit Card,2026-01-15 13:48:32,Customer_39,Maharashtra,,1,1,2026
73,OD1073,2783.356830128703,,3,Electronics,Accessories,COD,2026-01-31 02:52:34,Customer_24,Gujarat,,1,1,2026
74,OD1074,1133.7976807352038,,2,Electronics,Phones,UPI,2026-01-05 06:01:30,Customer_14,Uttar Pradesh,,1,1,2026
75,OD1075,1546.343538649406,413.46425791582175,2,Furniture,Bookcases,Debit Card,2025-12-25 16:46:51,Customer_30,Gujarat,,12,4,2025
76,OD1076,797.7148818352716,53.90173799619623,1,Clothing,Jeans,COD,2026-01-15 05:46:22,Customer_41,Karnataka,,1,1,2026
77,OD1077,1591.0123923108672,168.75784592957802,4,Furniture,Tables,COD,2025-12-31 05:09:05,Customer_20,Gujarat,,12,4,2025
78,OD1078,3396.3904260284885,-89.03587042495809,4,Furniture,Tables,COD,2026-01-18 14:55:14,Customer_2,Tamil Nadu,,1,1,2026
79,OD1079,1181.60349100146,306.2972843046472,3,Furniture,Bookcases,UPI,2026-01-02 00:27:55,Customer_41,Maharashtra,,1,1,2026
80,OD1080,575.97628559908,121.07657785749171,3,Electronics,Phones,UPI,2026-02-06 12:43:27,Customer_37,Uttar Pradesh,,2,1,2026
81,OD1081,952.0090329089926,-25.92201386220163,3,Electronics,Laptops,Debit Card,2026-01-22 07:31:12,Customer_35,Delhi,,1,1,2026
82,OD1082,1344.45567907467,-120.79323589204296,2,Furniture,Bookcases,Credit Card,2026-01-12 19:33:49,Customer_30,Tamil Nadu,,1,1,2026
83,OD1083,1270.5141456698998,214.40827947906743,3,Electronics,Phones,UPI,2026-01-20 11:10:00,Customer_36,Tamil Nadu,,1,1,2026
84,OD1084,879.4102186967125,,1,Clothing,Jeans,Credit Card,2025-12-24 02:05:13,Customer_15,Uttar Pradesh,,12,4,2025
85,OD1085,3344.746157914654,,5,Clothing,Shirts,UPI,2026-02-09 13:42:29,Customer_1,Maharashtra,,2,1,2026
86,OD1086,815.6629365833758,204.3868858134805,3,Clothing,Shirts,Credit Card,2026-01-26 12:51:08,Customer_40,Delhi,,1,1,2026
87,OD1087,2892.721461885132,,5,Electronics,Accessories,Debit Card,2026-01-17 12:09:46,Customer_16,Gujarat,,1,1,2026
88,OD1088,710.5771407894433,12.638540911330708,1,Electronics,Phones,UPI,2026-01-01 04:29:22,Customer_30,Gujarat,,1,1,2026
89,OD1089,4057.119352955184,892.3313600911915,3,Electronics,Laptops,UPI,2025-12-16 13:17:34,Customer_28,Maharashtra,,12,4,2025
90,OD1090,1973.7390155132125,6.227292992642634,2,Furniture,Chairs,,2026-02-04 09:31:11,Customer_26,Gujarat,,2,1,2026
91,OD1091,1701.7550009381243,,5,Furniture,Tables,,2025-12-28 04:21:50,Customer_15,Tamil Nadu,,12,4,2025
92,OD1092,1751.6984070442215,281.26698193241333,2,Furniture,Chairs,Credit Card,2026-01-30 05:57:39,Customer_47,Tamil Nadu,,1,1,2026
93,OD1093,2345.786618442315,15.48068415808516,5,Furniture,Tables,UPI,2026-01-06 17:06:00,Customer_31,Tamil Nadu,,1,1,2026
94,OD1094,2760.353448589887,186.3465201624638,2,Electronics,Phones,UPI,2025-12-25 14:51:48,Customer_48,Uttar Pradesh,,12,4,2025
95,OD1095,1074.3578668516454,-68.61409697955656,3,Furniture,Tables,UPI,2025-12-18 20:59:09,Customer_25,Tamil Nadu,,12,4,2025
96,OD1096,4426.657069031775,83.4366702272931,4,Clothing,Jeans,UPI,2026-02-02 12:03:40,Customer_7,Uttar Pradesh,,2,1,2026
97,OD1097,477.8757113490728,55.403529660058,1,Furniture,Chairs,Debit Card,2026-01-12 20:30:45,Customer_6,Karnataka,,1,1,2026
98,OD1098,2806.7399654509345,94.58027808041956,3,Electronics,Laptops,UPI,2025-12-20 04:29:00,Customer_10,Maharashtra,,12,4,2025
99,OD1099,1086.8957695645342,151.42025733198565,1,Electronics,Phones,Debit Card,2026-01-14 15:06:40,Customer_20,Karnataka,,1,1,2026
100,OD1100,4290.30023678479,38.00371500053625,4,Furniture,Chairs,Debit Card,2026-01-21 23:48:00,Customer_1,Gujarat,,1,1,2026
101,OD1101,291.546083286546,81.6605831509561,1,Clothing,Jeans,Debit Card,2026-01-21 13:25:38,Customer_24,Uttar Pradesh,,1,1,2026
102,OD1102,5813.250918771948,1102.432645795965,5,Clothing,Jeans,Credit Card,2026-01-24 03:08:31,Customer_33,Delhi,,1,1,2026
103,OD1103,4448.205633585917,1234.927465934766,3,Electronics,Accessories,Credit Card,2026-01-02 14:36:01,Customer_25,Maharashtra,,1,1,2026
104,OD1104,3812.470826569334,95.85292269430168,5,Clothing,T-shirts,,2026-01-05 03:58:11,Customer_39,Maharashtra,,1,1,2026
105,OD1105,4265.919254276423,,3,Clothing,T-shirts,Debit Card,2026-01-19 16:11:22,Customer_14,Delhi,,1,1,2026
106,OD1106,1010.2342906205196,46.348437776650464,1,Clothing,T-shirts,Credit Card,2026-01-11 04:03:37,Customer_20,Delhi,,1,1,2026
107,OD1107,1727.474847825878,328.05906255977226,3,Clothing,Shirts,Debit Card,2026-01-15 18:53:54,Customer_24,Maharashtra,,1,1,2026
108,OD1108,1132.998073669135,122.43997922377378,1,Electronics,Laptops,UPI,2026-02-09 04:51:54,Customer_35,Uttar Pradesh,,2,1,2026
109,OD1109,3954.4152703839054,-361.79829381485456,3,Furniture,Bookcases,UPI,2026-01-26 13:27:12,Customer_23,Karnataka,,1,1,2026
110,OD1110,695.0294814724801,-44.88683584061285,4,Clothing,Jeans,COD,2025-12-31 05:00:21,Customer_34,Maharashtra,,12,4,2025
111,OD1111,456.7581383120044,15.780164905365751,2,Clothing,Shirts,COD,2026-01-20 07:37:36,Customer_6,Uttar Pradesh,,1,1,2026
112,OD1112,2982.355103485436,44.42395872328088,5,Electronics,Accessories,,2026-01-02 03:42:13,Customer_40,Tamil Nadu,,1,1,2026
113,OD1113,7414.05672815222,527.2080393036298,5,Electronics,Phones,,2026-01-09 10:03:07,Customer_26,Karnataka,,1,1,2026
114,OD1114,2312.878561212696,313.2139272000453,5,Furniture,Chairs,Debit Card,2026-02-07 22:01:47,Customer_35,Karnataka,,2,1,2026
115,OD1115,667.6950490578106,197.94984887545544,2,Furniture,Chairs,Credit Card,2026-02-05 21:16:42,Customer_42,Tamil Nadu,,2,1,2026
116,OD1116,6314.497624254373,,5,Clothing,T-shirts,UPI,2026-02-09 15:00:33,Customer_16,Delhi,,2,1,2026
117,OD1117,2382.8365259869092,95.43284988655604,2,Electronics,Phones,Debit Card,2026-01-27 01:22:54,Customer_2,Maharashtra,,1,1,2026
118,OD1118,5971.483806820038,-181.78331476316256,4,Electronics,Accessories,Debit Card,2026-02-06 03:50:48,Customer_30,Delhi,,2,1,2026
119,OD1119,3726.4991249605946,-38.09887467407089,3,Furniture,Chairs,COD,2025-12-15 02:59:11,Customer_48,Maharashtra,,12,4,2025
120,OD1120,1140.407861784284,286.2245202822538,5,Electronics,Laptops,Debit Card,2025-12-27 00:43:49,Customer_3,Tamil Nadu,,12,4,2025
121,OD1121,1293.070946685811,-110.98564048265244,1,Electronics,Accessories,Credit Card,2026-01-01 11:15:44,Customer_33,Tamil Nadu,,1,1,2026
122,OD1122,1343.6689965979565,65.94110261921088,2,Clothing,Jeans,Debit Card,2026-01-28 02:08:20,Customer_42,Delhi,,1,1,2026
123,OD1123,2041.2824136486793,,5,Furniture,Tables,UPI,2026-01-03 00:48:59,Customer_7,Tamil Nadu,,1,1,2026
124,OD1124,3763.6600568856265,147.24824359084238,3,Furniture,Chairs,Debit Card,2025-12-23 22:17:30,Customer_1,Tamil Nadu,,12,4,2025
125,OD1125,3946.2753770164977,-7.441835190604691,3,Electronics,Laptops,Debit Card,2025-12-26 08:48:43,Customer_25,Maharashtra,,12,4,2025
126,OD1126,5382.300231684985,926.0587102010492,5,Electronics,Accessories,Debit Card,2026-01-25 07:58:26,Customer_23,Gujarat,,1,1,2026
127,OD1127,4337.524210376611,373.84255185994584,3,Clothing,Shirts,Debit Card,2026-01-05 00:01:51,Customer_22,Delhi,,1,1,2026
128,OD1128,2490.307667533374,579.877282760561,2,Clothing,Shirts,Debit Card,2025-12-15 07:44:13,Customer_30,Tamil Nadu,,12,4,2025
129,OD1129,883.7820372323613,-47.42591582479213,1,Furniture,Bookcases,Credit Card,2026-02-08 03:47:13,Customer_28,Tamil Nadu,,2,1,2026
130,OD1130,3496.3171905085173,407.3441384183544,3,Clothing,T-shirts,UPI,2026-01-25 17:03:44,Customer_14,Gujarat,,1,1,2026
131,OD1131,1217.5680959347549,334.69899227064315,5,Clothing,T-shirts,UPI,2026-01-24 18:56:05,Customer_7,Karnataka,,1,1,2026
132,OD1132,915.0386442467826,35.09468097618823,1,Electronics,Laptops,Credit Card,2026-02-03 06:50:48,Customer_49,Delhi,,2,1,2026
133,OD1133,3621.7081490722503,575.9582816660135,5,Furniture,Bookcases,Credit Card,2025-12-18 07:33:28,Customer_39,Tamil Nadu,,12,4,2025
134,OD1134,1360.5367486912053,-135.49341680431206,3,Clothing,Shirts,UPI,2026-01-23 19:52:53,Customer_26,Tamil Nadu,,1,1,2026
135,OD1135,6479.468421230962,717.9875533299233,5,Electronics,Accessories,Debit Card,2026-01-02 22:11:02,Customer_23,Delhi,,1,1,2026
136,OD1136,4065.262799974357,37.82243594032784,4,Clothing,T-shirts,Credit Card,2026-01-10 18:29:15,Customer_6,Gujarat,,1,1,2026
137,OD1137,4969.681633648599,293.3988675140484,5,Electronics,Phones,Debit Card,2026-01-23 01:01:13,Customer_41,Delhi,,1,1,2026
138,OD1138,796.6931712702333,-69.74759263588267,2,Furniture,Bookcases,UPI,2026-01-29 02:16:04,Customer_35,Gujarat,,1,1,2026
139,OD1139,1316.072435137855,277.2158409558233,1,Clothing,T-shirts,Debit Card,2025-12-19 12:40:43,Customer_28,Delhi,,12,4,2025
140,OD1140,1418.714143776713,-123.41327402276764,5,Clothing,Jeans,Debit Card,2025-12-20 06:59:33,Customer_24,Uttar Pradesh,,12,4,2025
141,OD1141,950.2290275677396,-0.9350422379113148,1,Clothing,Shirts,UPI,2026-01-28 16:09:45,Customer_37,Maharashtra,,1,1,2026
142,OD1142,2382.9538310456837,521.9232226349267,5,Clothing,T-shirts,Credit Card,2026-01-15 20:47:06,Customer_49,Maharashtra,,1,1,2026
143,OD1143,1543.8287372079458,216.1487123199431,2,Electronics,Laptops,Debit Card,2026-01-02 07:14:30,Customer_20,Maharashtra,,1,1,2026
144,OD1144,155.4663554877,14.334430001908062,1,Electronics,Laptops,COD,2025-12-31 09:15:43,Customer_26,Gujarat,,12,4,2025
145,OD1145,4333.803835046982,,4,Electronics,Laptops,Credit Card,2025-12-21 07:34:03,Customer_17,Delhi,,12,4,2025
146,OD1146,590.8777036928531,-51.240179698042645,1,Electronics,Phones,UPI,2025-12-21 13:23:01,Customer_7,Delhi,,12,4,2025
147,OD1147,2130.501913584344,469.21040641839545,2,Furniture,Bookcases,Debit Card,2025-12-27 10:17:28,Customer_42,Maharashtra,,12,4,2025
148,OD1148,4064.1294712771614,560.486757188578,3,Clothing,Shirts,Debit Card,2026-01-17 05:56:27,Customer_19,Maharashtra,,1,1,2026
149,OD1149,4889.677265190834,,4,Furniture,Tables,Debit Card,2026-01-07 19:22:27,Customer_39,Karnataka,,1,1,2026
150,OD1150,1546.5307280571576,-129.44208185911157,2,Furniture,Tables,UPI,2026-01-14 03:05:31,Customer_40,Karnataka,,1,1,2026
151,OD1151,1783.77811045682,-64.54088783538565,4,Furniture,Tables,Debit Card,2026-01-17 21:07:14,Customer_48,Karnataka,,1,1,2026
152,OD1152,4567.962767331752,1136.203592742261,4,Clothing,T-shirts,Debit Card,2026-01-25 23:40:33,Customer_48,Karnataka,,1,1,2026
153,OD1153,2029.1364538645244,,2,Furniture,Tables,COD,2026-01-18 03:46:09,Customer_14,Karnataka,,1,1,2026
154,OD1154,1226.3567246737578,82.60728530648623,3,Furniture,Bookcases,,2026-01-17 08:51:09,Customer_26,Gujarat,,1,1,2026
155,OD1155,5590.183488364156,1101.727943768591,5,Electronics,Laptops,COD,2025-12-21 10:41:28,Customer_43,Gujarat,,12,4,2025
156,OD1156,819.594214932215,110.82827639679856,1,Furniture,Tables,COD,2025-12-16 17:18:08,Customer_44,Gujarat,,12,4,2025
157,OD1157,2420.2770648957685,392.09392553758056,2,Furniture,Bookcases,,2026-01-26 19:08:01,Customer_29,Tamil Nadu,,1,1,2026
158,OD1158,1968.3686162590575,380.3778045713191,2,Clothing,Shirts,Credit Card,2026-01-15 09:35:06,Customer_48,Uttar Pradesh,,1,1,2026
159,OD1159,2487.952368258033,261.34964869294095,4,Clothing,T-shirts,COD,2026-01-13 05:53:04,Customer_23,Tamil Nadu,,1,1,2026
160,OD1160,2668.1164748498004,,4,Electronics,Laptops,COD,2026-01-24 22:12:50,Customer_16,Delhi,,1,1,2026
161,OD1161,647.514151312465,186.3318637362653,1,Clothing,T-shirts,Debit Card,2026-02-04 03:02:28,Customer_32,Tamil Nadu,,2,1,2026
162,OD1162,1132.8925000227591,326.19194533121106,4,Clothing,Shirts,Debit Card,2026-01-24 22:52:11,Customer_9,Delhi,,1,1,2026
163,OD1163,1456.5772067279286,244.3497997944725,2,Clothing,T-shirts,COD,2025-12-14 16:44:13,Customer_35,Gujarat,,12,4,2025
164,OD1164,333.8586710613298,-11.001415588389245,1,Clothing,Shirts,Debit Card,2026-01-15 20:09:46,Customer_32,Tamil Nadu,,1,1,2026
165,OD1165,1087.539831757085,85.42348991626552,1,Electronics,Phones,Debit Card,2025-12-16 21:42:30,Customer_2,Gujarat,,12,4,2025
166,OD1166,1910.5978244951416,-147.4317732289093,4,Clothing,Shirts,,2025-12-24 18:27:11,Customer_44,Delhi,,12,4,2025
167,OD1167,2199.235918790428,601.6010010043209,3,Electronics,Phones,COD,2026-01-10 16:47:48,Customer_11,Uttar Pradesh,,1,1,2026
168,OD1168,2902.3323500209276,-284.49824841232333,2,Furniture,Chairs,UPI,2026-01-11 10:05:57,Customer_41,Maharashtra,,1,1,2026
169,OD1169,2353.155637079065,392.37859101655783,3,Clothing,Jeans,Credit Card,2026-02-04 21:55:23,Customer_35,Tamil Nadu,,2,1,2026
170,OD1170,4171.221626619537,1201.1650783946272,4,Furniture,Tables,Debit Card,2026-01-16 04:34:23,Customer_11,Tamil Nadu,,1,1,2026
171,OD1171,2052.570581039211,,2,Furniture,Chairs,UPI,2026-01-26 12:33:33,Customer_14,Delhi,,1,1,2026
172,OD1172,2632.933956540411,,2,Furniture,Chairs,Debit Card,2026-01-03 10:29:30,Customer_48,Maharashtra,,1,1,2026
173,OD1173,401.94521335680406,65.73982302846503,1,Furniture,Chairs,,2025-12-28 20:59:09,Customer_18,Maharashtra,,12,4,2025
174,OD1174,1292.0096933597088,183.4415635248926,4,Furniture,Tables,COD,2026-01-28 21:38:41,Customer_43,Maharashtra,,1,1,2026
175,OD1175,226.67437340187104,3.5076132506342463,1,Electronics,Phones,UPI,2026-01-24 20:04:17,Customer_46,Uttar Pradesh,,1,1,2026
176,OD1176,3692.9529561532863,756.7379611466752,3,Furniture,Tables,,2026-01-20 20:27:13,Customer_49,Karnataka,,1,1,2026
177,OD1177,559.7337190391135,,1,Electronics,Laptops,Debit Card,2026-01-12 02:07:03,Customer_13,Karnataka,,1,1,2026
178,OD1178,432.5617832240584,21.32560590909897,1,Electronics,Phones,,2025-12-18 16:24:08,Customer_23,Karnataka,,12,4,2025
179,OD1179,2326.1641181840246,233.0307566669747,2,Furniture,Tables,UPI,2026-01-26 03:23:39,Customer_48,Delhi,,1,1,2026
180,OD1180,2888.7347933830943,150.44024557309876,5,Furniture,Chairs,COD,2025-12-21 14:31:30,Customer_47,Gujarat,,12,4,2025
181,OD1181,2203.3745398779683,239.0521527456294,2,Clothing,Jeans,Debit Card,2026-02-01 05:47:59,Customer_8,Tamil Nadu,,2,1,2026
182,OD1182,5591.393450859317,-424.3478685397586,4,Clothing,Shirts,UPI,2025-12-29 01:49:53,Customer_48,Delhi,,12,4,2025
183,OD1183,1837.9487792348448,25.63784303571699,4,Furniture,Chairs,COD,2026-01-08 06:56:32,Customer_11,Gujarat,,1,1,2026
184,OD1184,4418.760401088325,264.95807669726463,4,Clothing,T-shirts,Credit Card,2026-01-30 09:01:29,Customer_25,Maharashtra,,1,1,2026
185,OD1185,1416.054747095511,155.85856626744155,4,Furniture,Bookcases,Debit Card,2026-01-07 22:56:01,Customer_35,Maharashtra,,1,1,2026
186,OD1186,2769.706969679856,193.3559303866573,2,Furniture,Chairs,Credit Card,2026-01-20 08:27:53,Customer_25,Tamil Nadu,,1,1,2026
187,OD1187,310.852862348926,48.24252470795348,3,Furniture,Bookcases,UPI,2026-01-24 00:05:52,Customer_32,Maharashtra,,1,1,2026
188,OD1188,689.365639916656,30.545107408743466,2,Furniture,Chairs,Credit Card,2026-01-12 03:22:41,Customer_49,Maharashtra,,1,1,2026
189,OD1189,2614.423512843565,504.0170016402123,5,Furniture,Bookcases,Credit Card,2025-12-30 04:36:42,Customer_22,Delhi,,12,4,2025
190,OD1190,2920.2091636416067,235.6815297500609,3,Electronics,Laptops,COD,2025-12-28 00:55:30,Customer_44,Maharashtra,,12,4,2025
191,OD1191,403.4357201270859,-24.89770375954043,1,Clothing,T-shirts,,2025-12-23 02:32:53,Customer_27,Karnataka,,12,4,2025
192,OD1192,919.2747734080016,,2,Clothing,Jeans,,2026-01-29 11:13:21,Customer_20,Delhi,,1,1,2026
193,OD1193,5230.888715611632,,5,Clothing,Jeans,Debit Card,2025-12-17 17:40:01,Customer_22,Maharashtra,,12,4,2025
194,OD1194,4984.759519867704,704.2855270652652,4,Clothing,Jeans,UPI,2026-01-19 06:03:10,Customer_48,Tamil Nadu,,1,1,2026
195,OD1195,934.0510194645394,56.48689009553157,1,Furniture,Chairs,Debit Card,2026-01-12 12:04:05,Customer_26,Maharashtra,,1,1,2026
196,OD1196,1264.608358551991,,1,Clothing,Shirts,Debit Card,2026-01-14 14:46:23,Customer_15,Tamil Nadu,,1,1,2026
197,OD1197,2538.422703515608,75.4761946182374,3,Furniture,Tables,UPI,2026-02-11 22:13:02,Customer_17,Delhi,,2,1,2026
198,OD1198,1493.67268698596,117.31445760375722,1,Clothing,T-shirts,Credit Card,2025-12-20 04:08:41,Customer_32,Gujarat,,12,4,2025
199,OD1199,4944.720319137232,998.5127304521812,5,Furniture,Chairs,Credit Card,2026-01-08 11:06:31,Customer_17,Uttar Pradesh,,1,1,2026
200,OD1200,2346.4005357383,389.4196370483641,4,Furniture,Chairs,Credit Card,2026-01-12 18:44:35,Customer_49,Tamil Nadu,,1,1,2026
201,OD1201,5660.261575050701,1174.1642191492756,5,Clothing,Jeans,COD,2025-12-27 10:08:31,Customer_35,Tamil Nadu,,12,4,2025
202,OD1202,2406.125567218342,591.604864987194,2,Furniture,Tables,UPI,2026-01-14 10:25:22,Customer_30,Delhi,,1,1,2026
203,OD1203,2097.51879329384,11.001544726548897,4,Electronics,Laptops,COD,2026-01-29 16:43:43,Customer_21,Delhi,,1,1,2026
204,OD1204,813.6139454523774,187.22432011332424,1,Clothing,Shirts,Debit Card,2026-01-14 00:50:45,Customer_4,Gujarat,,1,1,2026
205,OD1205,3602.359018379797,467.71211357787905,3,Furniture,Bookcases,COD,2026-01-04 11:52:02,Customer_6,Delhi,,1,1,2026
206,OD1206,1711.2513325278398,258.7070125744562,2,Clothing,Shirts,Credit Card,2025-12-28 07:40:01,Customer_5,Uttar Pradesh,,12,4,2025
207,OD1207,3618.1278324896575,79.13444601087792,3,Furniture,Tables,Debit Card,2026-02-02 00:58:47,Customer_13,Karnataka,,2,1,2026
208,OD1208,826.1204165896714,,2,Furniture,Bookcases,COD,2026-01-07 02:56:12,Customer_30,Maharashtra,,1,1,2026
209,OD1209,1391.860066718752,131.9828072575198,1,Electronics,Laptops,Credit Card,2026-01-08 16:44:33,Customer_18,Uttar Pradesh,,1,1,2026
210,OD1210,1974.384716643715,-81.83904244866287,3,Electronics,Accessories,UPI,2026-02-10 10:37:51,Customer_17,Tamil Nadu,,2,1,2026
211,OD1211,847.8062084120909,178.6238256125028,4,Furniture,Chairs,Credit Card,2026-01-23 18:22:23,Customer_41,Tamil Nadu,,1,1,2026
212,OD1212,2861.2654563442966,-165.19266122096778,4,Clothing,T-shirts,,2026-01-24 19:29:31,Customer_19,Karnataka,,1,1,2026
213,OD1213,2442.870027209365,133.34243950218345,4,Furniture,Tables,Debit Card,2026-02-05 18:39:38,Customer_28,Delhi,,2,1,2026
214,OD1214,3467.8648862442246,512.5473110610284,3,Electronics,Laptops,COD,2026-02-08 18:08:45,Customer_16,Karnataka,,2,1,2026
215,OD1215,1349.694575957002,28.76207108211704,5,Electronics,Accessories,Credit Card,2026-01-30 23:14:45,Customer_42,Gujarat,,1,1,2026
216,OD1216,425.7037539877534,-4.971772042729454,1,Electronics,Accessories,Credit Card,2026-02-11 17:10:04,Customer_2,Gujarat,,2,1,2026
217,OD1217,565.9890548725585,144.12440724473544,2,Furniture,Bookcases,Credit Card,2026-01-30 18:32:59,Customer_14,Karnataka,,1,1,2026
218,OD1218,3209.551322349416,916.4196912787396,5,Furniture,Tables,UPI,2026-01-21 13:42:22,Customer_40,Karnataka,,1,1,2026
219,OD1219,5822.028761854945,-262.9002160720144,5,Electronics,Laptops,COD,2025-12-19 06:18:13,Customer_6,Tamil Nadu,,12,4,2025
220,OD1220,1962.0366568300612,-40.138343108641486,2,Electronics,Laptops,Credit Card,2026-02-02 10:08:31,Customer_13,Maharashtra,,2,1,2026
221,OD1221,4018.104691390045,400.73978081994295,4,Clothing,Shirts,,2026-01-27 09:46:46,Customer_37,Uttar Pradesh,,1,1,2026
222,OD1222,1878.7307976122313,108.57281362957175,3,Furniture,Tables,UPI,2026-01-24 14:51:34,Customer_30,Delhi,,1,1,2026
223,OD1223,243.0093415205533,39.72640373379703,1,Electronics,Phones,COD,2026-01-27 11:23:18,Customer_27,Gujarat,,1,1,2026
224,OD1224,2804.8928775459062,3.4314305517493446,2,Electronics,Phones,COD,2025-12-26 05:26:32,Customer_9,Karnataka,,12,4,2025
225,OD1225,2190.5226161629907,-20.183743185158644,3,Clothing,T-shirts,Debit Card,2025-12-24 02:16:28,Customer_18,Gujarat,,12,4,2025
226,OD1226,834.8157427587382,-70.78507928490944,5,Electronics,Accessories,Debit Card,2026-01-31 02:37:24,Customer_22,Tamil Nadu,,1,1,2026
227,OD1227,1439.101957619272,280.6296937812867,1,Clothing,Jeans,Credit Card,2026-01-04 10:16:24,Customer_5,Gujarat,,1,1,2026
228,OD1228,1077.8213850433654,-32.71863252083152,3,Clothing,Jeans,COD,2026-01-12 19:04:57,Customer_4,Uttar Pradesh,,1,1,2026
229,OD1229,5433.844614434918,,4,Furniture,Tables,,2025-12-25 03:44:09,Customer_12,Delhi,,12,4,2025
230,OD1230,809.8229562695071,,3,Clothing,T-shirts,COD,2026-01-05 12:16:50,Customer_2,Maharashtra,,1,1,2026
231,OD1231,1102.2034096449593,-55.00719363126625,2,Furniture,Bookcases,UPI,2025-12-24 04:26:51,Customer_3,Tamil Nadu,,12,4,2025
232,OD1232,1277.1752470533263,-105.3743011900199,4,Electronics,Accessories,Credit Card,2026-01-04 05:28:07,Customer_35,Maharashtra,,1,1,2026
233,OD1233,2576.4556723271435,-88.95594373137595,4,Electronics,Accessories,Credit Card,2026-01-25 13:21:49,Customer_17,Gujarat,,1,1,2026
234,OD1234,1004.1351377172884,,1,Clothing,T-shirts,UPI,2026-01-09 03:26:51,Customer_12,Maharashtra,,1,1,2026
235,OD1235,1980.9981384435105,,2,Electronics,Accessories,Credit Card,2025-12-21 17:28:19,Customer_35,Uttar Pradesh,,12,4,2025
236,OD1236,701.6059591889463,19.661758398600615,4,Clothing,Jeans,Debit Card,2026-01-08 11:34:40,Customer_47,Uttar Pradesh,,1,1,2026
237,OD1237,502.2424010101002,87.45004830758782,2,Electronics,Phones,Debit Card,2026-01-06 08:52:28,Customer_2,Karnataka,,1,1,2026
238,OD1238,3484.377046521457,687.7098057652205,3,Clothing,Shirts,Debit Card,2026-01-15 11:49:44,Customer_8,Karnataka,,1,1,2026
239,OD1239,3963.231582283789,,4,Clothing,Shirts,,2025-12-25 01:35:27,Customer_37,Delhi,,12,4,2025
240,OD1240,4465.601795667326,-269.4042197237149,3,Electronics,Phones,Credit Card,2025-12-16 06:51:20,Customer_37,Delhi,,12,4,2025
241,OD1241,2278.574541603026,,2,Clothing,Shirts,COD,2026-01-27 07:29:24,Customer_42,Tamil Nadu,,1,1,2026
242,OD1242,2330.7741280786627,-200.1562957990215,2,Electronics,Laptops,UPI,2026-01-11 23:28:14,Customer_40,Maharashtra,,1,1,2026
243,OD1243,1049.7303519971986,212.5765510128543,1,Furniture,Chairs,Credit Card,2026-02-07 18:45:50,Customer_37,Tamil Nadu,,2,1,2026
244,OD1244,5003.556259382491,1061.554047966707,5,Furniture,Bookcases,UPI,2026-01-22 05:49:33,Customer_33,Uttar Pradesh,,1,1,2026
245,OD1245,703.4996624076762,-23.38851661206084,5,Electronics,Laptops,COD,2026-02-07 23:21:42,Customer_6,Gujarat,,2,1,2026
246,OD1246,3256.614389993421,616.6787087937737,4,Electronics,Accessories,,2025-12-26 08:06:23,Customer_44,Gujarat,,12,4,2025
247,OD1247,1886.007803346947,-171.30019593301068,2,Furniture,Tables,UPI,2026-02-03 01:17:56,Customer_37,Uttar Pradesh,,2,1,2026
248,OD1248,2181.506617274564,469.9968438383841,2,Electronics,Laptops,Debit Card,2026-01-24 16:03:53,Customer_37,Tamil Nadu,,1,1,2026
249,OD1249,707.6271126434253,-45.68428477108078,1,Furniture,Bookcases,COD,2026-02-08 19:32:31,Customer_26,Gujarat,,2,1,2026
250,OD1250,3381.186486177712,66.87109180174124,3,Clothing,Jeans,COD,2026-01-21 20:14:39,Customer_24,Gujarat,,1,1,2026
251,OD1251,2549.4645308250465,328.2407755799245,4,Clothing,Jeans,COD,2026-01-14 23:55:47,Customer_30,Tamil Nadu,,1,1,2026
252,OD1252,410.0261758346722,-37.034915009440134,3,Furniture,Tables,UPI,2026-01-12 12:03:35,Customer_26,Uttar Pradesh,,1,1,2026
253,OD1253,5978.0735789593655,-463.5730552326663,5,Electronics,Accessories,UPI,2025-12-29 22:47:31,Customer_1,Karnataka,,12,4,2025
254,OD1254,3866.342005271488,286.3883024775724,5,Electronics,Phones,,2026-01-19 11:49:34,Customer_30,Uttar Pradesh,,1,1,2026
255,OD1255,2746.29253762351,582.4480717794362,2,Furniture,Tables,UPI,2025-12-15 06:52:57,Customer_8,Uttar Pradesh,,12,4,2025
256,OD1256,4078.9488750959817,1152.8979655178975,4,Furniture,Chairs,Credit Card,2026-01-07 02:27:57,Customer_17,Uttar Pradesh,,1,1,2026
257,OD1257,1457.5718224515706,,3,Furniture,Bookcases,UPI,2026-01-04 18:11:42,Customer_16,Delhi,,1,1,2026
258,OD1258,1275.7381046593086,307.75376524026774,4,Electronics,Phones,Credit Card,2026-01-14 06:53:43,Customer_27,Delhi,,1,1,2026
259,OD1259,4226.94477592652,272.3768863351165,5,Clothing,Shirts,UPI,2026-01-25 17:38:04,Customer_44,Delhi,,1,1,2026
260,OD1260,865.8051550021663,58.45685031373377,5,Clothing,Jeans,COD,2026-01-10 20:39:59,Customer_32,Delhi,,1,1,2026
261,OD1261,5079.222210318521,-105.44946258193455,5,Electronics,Laptops,Debit Card,2026-01-16 08:46:46,Customer_32,Maharashtra,,1,1,2026
262,OD1262,1298.6704942155336,,5,Electronics,Phones,Debit Card,2026-02-08 19:36:06,Customer_5,Maharashtra,,2,1,2026
263,OD1263,832.7472759241131,-45.045341428421544,1,Clothing,T-shirts,Credit Card,2026-01-22 01:52:09,Customer_32,Karnataka,,1,1,2026
264,OD1264,860.9535042797045,-57.950661304306784,1,Electronics,Accessories,UPI,2026-02-02 18:36:40,Customer_6,Delhi,,2,1,2026
265,OD1265,2059.7261606151687,-27.93775226753076,2,Electronics,Phones,Credit Card,2025-12-14 17:31:05,Customer_35,Karnataka,,12,4,2025
266,OD1266,748.7293929385595,78.61737954342975,4,Electronics,Accessories,UPI,2026-01-15 20:33:28,Customer_9,Karnataka,,1,1,2026
267,OD1267,1652.9444740260712,53.03641928519387,5,Clothing,Shirts,,2025-12-31 15:38:02,Customer_25,Tamil Nadu,,12,4,2025
268,OD1268,5275.2391802576385,-23.641065874971435,4,Clothing,T-shirts,UPI,2026-01-22 05:41:28,Customer_9,Delhi,,1,1,2026
269,OD1269,382.57285552937776,32.73773508577018,2,Electronics,Accessories,COD,2026-02-11 04:24:55,Customer_9,Gujarat,,2,1,2026
270,OD1270,2929.5021876974233,172.70164234104917,4,Clothing,T-shirts,Debit Card,2026-02-03 01:24:37,Customer_44,Karnataka,,2,1,2026
271,OD1271,4839.9847465895,634.2187575794862,4,Clothing,T-shirts,Credit Card,2026-01-08 23:37:12,Customer_44,Maharashtra,,1,1,2026
272,OD1272,642.2735039389744,114.55567561183022,2,Clothing,Jeans,UPI,2026-01-04 22:36:46,Customer_1,Karnataka,,1,1,2026
273,OD1273,1462.9988469867974,,3,Electronics,Accessories,COD,2025-12-21 19:53:17,Customer_19,Tamil Nadu,,12,4,2025
274,OD1274,4872.122325343407,1398.797773192744,4,Clothing,Shirts,COD,2025-12-15 20:40:20,Customer_24,Karnataka,,12,4,2025
275,OD1275,684.8653709851395,201.10669439638008,1,Furniture,Bookcases,UPI,2026-01-29 16:27:12,Customer_30,Delhi,,1,1,2026
276,OD1276,981.3803042864132,,3,Furniture,Tables,Debit Card,2026-01-04 14:21:11,Customer_17,Gujarat,,1,1,2026
277,OD1277,422.33843700048266,81.34179006062665,2,Electronics,Laptops,Credit Card,2026-01-09 04:19:37,Customer_12,Maharashtra,,1,1,2026
278,OD1278,3490.2461224814538,1030.4121928587683,3,Furniture,Tables,Debit Card,2026-02-10 12:51:36,Customer_29,Gujarat,,2,1,2026
279,OD1279,2493.9142936400913,,2,Electronics,Phones,Credit Card,2025-12-18 12:36:48,Customer_20,Delhi,,12,4,2025
280,OD1280,3440.831094934075,901.9930535149527,5,Furniture,Chairs,Debit Card,2026-01-08 07:46:26,Customer_27,Delhi,,1,1,2026
281,OD1281,1278.026574318664,,1,Clothing,Shirts,Credit Card,2025-12-23 19:07:57,Customer_46,Delhi,,12,4,2025
282,OD1282,4217.349101449073,-139.79329478429486,4,Furniture,Bookcases,Credit Card,2025-12-25 07:45:19,Customer_39,Karnataka,,12,4,2025
283,OD1283,732.3254819369835,15.80252971495158,5,Furniture,Chairs,Credit Card,2026-02-07 09:33:43,Customer_39,Gujarat,,2,1,2026
284,OD1284,1203.826280554618,199.82789313512984,1,Electronics,Accessories,Debit Card,2025-12-29 00:16:05,Customer_44,Uttar Pradesh,,12,4,2025
285,OD1285,766.1557706966205,60.39009681402142,3,Clothing,Jeans,UPI,2026-01-07 22:10:46,Customer_24,Tamil Nadu,,1,1,2026
286,OD1286,4402.5613797447695,-245.2744547261314,3,Furniture,Bookcases,COD,2026-01-12 20:18:13,Customer_5,Uttar Pradesh,,1,1,2026
287,OD1287,509.1055226466569,134.5606953972166,1,Furniture,Tables,Debit Card,2026-02-09 22:32:44,Customer_32,Gujarat,,2,1,2026
288,OD1288,526.6515335405867,,1,Electronics,Accessories,Debit Card,2026-01-09 00:37:58,Customer_43,Gujarat,,1,1,2026
289,OD1289,4284.889336514372,-263.0331248728337,5,Furniture,Tables,COD,2026-01-11 22:57:23,Customer_21,Maharashtra,,1,1,2026
290,OD1290,611.8116665512231,-5.787372663352608,3,Electronics,Laptops,UPI,2026-01-22 07:50:40,Customer_21,Gujarat,,1,1,2026
291,OD1291,562.5712054260833,,1,Clothing,T-shirts,Debit Card,2025-12-28 21:53:34,Customer_32,Tamil Nadu,,12,4,2025
292,OD1292,3663.7182764675417,1092.4292208138686,4,Furniture,Chairs,COD,2026-01-08 18:50:48,Customer_32,Tamil Nadu,,1,1,2026
293,OD1293,2351.1734417283424,,3,Electronics,Phones,COD,2026-01-27 04:03:59,Customer_40,Gujarat,,1,1,2026
294,OD1294,2661.1409207903484,342.5126292858994,2,Clothing,Shirts,,2025-12-19 10:06:03,Customer_43,Gujarat,,12,4,2025
295,OD1295,577.1419797057853,-19.663302196981096,1,Furniture,Tables,Credit Card,2026-01-18 05:14:33,Customer_30,Karnataka,,1,1,2026
296,OD1296,4977.2389282437725,848.9703562640121,5,Furniture,Chairs,Credit Card,2026-01-23 09:40:13,Customer_39,Uttar Pradesh,,1,1,2026
297,OD1297,5722.9738944827395,802.7067599715082,4,Electronics,Accessories,COD,2026-01-05 00:20:28,Customer_34,Uttar Pradesh,,1,1,2026
298,OD1298,104.0894456699068,-8.753257666115031,1,Furniture,Tables,UPI,2025-12-28 03:09:03,Customer_32,Karnataka,,12,4,2025
299,OD1299,563.885809944271,52.33786399754293,1,Furniture,Chairs,UPI,2025-12-14 13:15:34,Customer_20,Tamil Nadu,,12,4,2025
300,OD1300,538.5405941229458,-52.20310233377799,5,Electronics,Phones,Credit Card,2026-02-04 21:54:08,Customer_39,Gujarat,,2,1,2026
301,OD1301,3569.7694197620485,-44.96505213834684,5,Electronics,Laptops,Debit Card,2025-12-24 14:33:41,Customer_18,Uttar Pradesh,,12,4,2025
302,OD1302,2491.9361123402828,,5,Electronics,Phones,Debit Card,2025-12-19 00:45:24,Customer_33,Maharashtra,,12,4,2025
303,OD1303,488.3849856989883,39.18742889893503,3,Clothing,Shirts,UPI,2026-02-01 23:43:22,Customer_4,Maharashtra,,2,1,2026
304,OD1304,2307.212779338184,391.8642657822568,5,Clothing,Shirts,UPI,2025-12-29 08:35:45,Customer_8,Gujarat,,12,4,2025
305,OD1305,990.96191825677,-78.82690555181469,1,Furniture,Chairs,Debit Card,2026-02-10 23:08:25,Customer_20,Gujarat,,2,1,2026
306,OD1306,2062.8178855385545,454.1127551371563,2,Furniture,Tables,UPI,2026-02-10 19:42:40,Customer_5,Karnataka,,2,1,2026
307,OD1307,665.9356215018928,18.934173826280443,1,Clothing,Shirts,,2026-01-10 04:23:07,Customer_33,Tamil Nadu,,1,1,2026
308,OD1308,2686.5093802083297,,2,Electronics,Laptops,,2025-12-22 13:55:28,Customer_8,Maharashtra,,12,4,2025
309,OD1309,1362.3514954317293,211.36997489360525,4,Electronics,Accessories,UPI,2026-01-26 11:04:39,Customer_29,Uttar Pradesh,,1,1,2026
310,OD1310,232.77851004653135,16.018351499787684,2,Clothing,T-shirts,Debit Card,2026-01-13 15:46:32,Customer_48,Tamil Nadu,,1,1,2026
311,OD1311,1361.0230658662194,,5,Clothing,T-shirts,,2026-01-15 11:14:24,Customer_48,Maharashtra,,1,1,2026
312,OD1312,2105.710525038622,356.2581074063972,3,Furniture,Chairs,COD,2026-01-09 09:03:25,Customer_5,Uttar Pradesh,,1,1,2026
313,OD1313,1667.163005999698,89.5197314529977,4,Furniture,Tables,Credit Card,2026-02-10 16:32:51,Customer_6,Maharashtra,,2,1,2026
314,OD1314,2745.2347356952782,133.05869833174074,3,Clothing,Jeans,Credit Card,2026-02-09 14:29:33,Customer_40,Maharashtra,,2,1,2026
315,OD1315,2810.964295388362,-120.76561044055256,4,Clothing,T-shirts,COD,2026-01-30 22:45:24,Customer_9,Gujarat,,1,1,2026
316,OD1316,2008.302681602156,310.8067846649798,2,Clothing,Shirts,Debit Card,2026-01-29 17:30:08,Customer_16,Karnataka,,1,1,2026
317,OD1317,241.7638804612225,57.746704082001465,1,Furniture,Bookcases,UPI,2026-01-04 19:55:31,Customer_44,Gujarat,,1,1,2026
318,OD1318,1337.2145055763165,386.20105855188086,4,Furniture,Chairs,Credit Card,2026-01-13 07:49:52,Customer_30,Karnataka,,1,1,2026
319,OD1319,956.0923354206805,-15.73189868345962,4,Clothing,Shirts,Credit Card,2026-02-03 13:36:55,Customer_29,Delhi,,2,1,2026
320,OD1320,917.6597723796712,87.3065901903264,3,Clothing,T-shirts,,2025-12-28 11:04:40,Customer_37,Tamil Nadu,,12,4,2025
321,OD1321,4031.2954236964606,569.1268011111674,3,Furniture,Chairs,COD,2026-01-28 19:12:04,Customer_41,Tamil Nadu,,1,1,2026
322,OD1322,573.250810495515,165.26640950150622,4,Clothing,Jeans,Credit Card,2026-01-25 11:07:07,Customer_18,Tamil Nadu,,1,1,2026
323,OD1323,4291.933686870028,878.819453555468,5,Electronics,Phones,Debit Card,2026-02-06 23:45:58,Customer_44,Karnataka,,2,1,2026
324,OD1324,1862.3668569341037,-143.29230710547102,5,Furniture,Tables,Credit Card,2026-01-18 12:31:35,Customer_30,Gujarat,,1,1,2026
325,OD1325,2344.7514185708424,309.9457504886687,4,Clothing,Jeans,COD,2026-02-01 00:13:42,Customer_14,Tamil Nadu,,2,1,2026
326,OD1326,1170.6978133877435,249.30634126883112,3,Clothing,T-shirts,Credit Card,2026-01-02 23:07:39,Customer_27,Uttar Pradesh,,1,1,2026
327,OD1327,1145.5108528542196,66.50274402721855,3,Electronics,Laptops,COD,2026-01-12 16:56:01,Customer_15,Tamil Nadu,,1,1,2026
328,OD1328,4119.709365936416,,3,Furniture,Bookcases,Debit Card,2026-02-01 15:38:22,Customer_26,Uttar Pradesh,,2,1,2026
329,OD1329,2607.154413493331,-200.4995060611476,3,Electronics,Laptops,Credit Card,2026-01-16 02:36:09,Customer_22,Uttar Pradesh,,1,1,2026
330,OD1330,1428.7570003252167,150.24946698908872,1,Furniture,Tables,Credit Card,2025-12-22 01:35:31,Customer_18,Uttar Pradesh,,12,4,2025
331,OD1331,1575.9708970799588,171.74561769553304,2,Clothing,Jeans,Debit Card,2026-02-05 20:54:22,Customer_29,Karnataka,,2,1,2026
332,OD1332,2724.571922779151,670.8736829092751,3,Clothing,Shirts,Credit Card,2026-02-12 02:49:38,Customer_44,Gujarat,,2,1,2026
333,OD1333,1141.9929652192918,-64.28771271239764,3,Clothing,Shirts,COD,2026-02-04 05:44:00,Customer_8,Maharashtra,,2,1,2026
334,OD1334,1609.9761360179782,3.894574199996593,3,Electronics,Phones,Debit Card,2026-01-26 22:29:09,Customer_26,Tamil Nadu,,1,1,2026
335,OD1335,1535.161711289888,268.7896478908018,2,Clothing,Jeans,Debit Card,2026-01-31 06:43:19,Customer_7,Delhi,,1,1,2026
336,OD1336,3011.008677919094,667.7660974736883,5,Furniture,Tables,Debit Card,2026-01-11 06:41:33,Customer_1,Uttar Pradesh,,1,1,2026
337,OD1337,4490.847593864309,766.7157611935097,3,Electronics,Laptops,Credit Card,2025-12-16 04:40:32,Customer_33,Uttar Pradesh,,12,4,2025
338,OD1338,578.4953666314664,88.6038152605321,1,Clothing,Jeans,COD,2026-01-28 14:16:52,Customer_17,Tamil Nadu,,1,1,2026
339,OD1339,1284.290015548825,186.7892534110569,1,Electronics,Accessories,Debit Card,2025-12-15 07:07:36,Customer_28,Delhi,,12,4,2025
340,OD1340,2679.7963391035146,-197.22245844162623,4,Furniture,Tables,Credit Card,2026-01-05 11:55:37,Customer_40,Uttar Pradesh,,1,1,2026
341,OD1341,217.04849507154935,-12.941195288819996,2,Electronics,Phones,Credit Card,2026-01-29 12:11:43,Customer_42,Maharashtra,,1,1,2026
342,OD1342,878.2474099087874,80.18746083221392,2,Clothing,T-shirts,UPI,2026-01-14 04:37:22,Customer_22,Tamil Nadu,,1,1,2026
343,OD1343,5235.04429439921,316.8374955198532,4,Clothing,Jeans,,2026-01-17 12:25:31,Customer_34,Uttar Pradesh,,1,1,2026
344,OD1344,4582.802447192809,1085.630605459147,5,Clothing,Jeans,UPI,2026-02-08 12:47:01,Customer_5,Tamil Nadu,,2,1,2026
345,OD1345,3412.8499964976463,695.6909450613044,5,Electronics,Accessories,COD,2026-01-16 18:59:20,Customer_33,Uttar Pradesh,,1,1,2026
346,OD1346,3898.789631620654,,4,Furniture,Tables,UPI,2026-01-17 18:21:24,Customer_40,Delhi,,1,1,2026
347,OD1347,1200.1053835007056,252.18829732006975,4,Furniture,Chairs,Credit Card,2026-01-11 15:19:01,Customer_12,Uttar Pradesh,,1,1,2026
348,OD1348,2220.820347608102,19.14084852870541,2,Furniture,Tables,Debit Card,2026-01-29 12:32:18,Customer_45,Maharashtra,,1,1,2026
349,OD1349,2202.1084127819145,302.55715532804817,2,Furniture,Chairs,,2026-01-29 02:41:38,Customer_24,Delhi,,1,1,2026
350,OD1350,7083.139540153207,,5,Electronics,Laptops,,2026-01-31 08:26:46,Customer_33,Maharashtra,,1,1,2026
351,OD1351,1279.796663024777,,1,Clothing,Jeans,UPI,2026-01-23 17:36:59,Customer_29,Karnataka,,1,1,2026
352,OD1352,628.239125968853,172.4695207614071,1,Electronics,Accessories,COD,2025-12-28 02:36:10,Customer_26,Delhi,,12,4,2025
353,OD1353,3213.5416381895293,491.9442231153486,5,Clothing,T-shirts,Debit Card,2026-01-19 21:02:14,Customer_33,Tamil Nadu,,1,1,2026
354,OD1354,1779.6506565983032,20.24488462646123,5,Electronics,Accessories,COD,2025-12-22 18:46:08,Customer_17,Maharashtra,,12,4,2025
355,OD1355,3827.846254950516,588.4773733128758,5,Furniture,Chairs,UPI,2025-12-28 02:08:19,Customer_26,Tamil Nadu,,12,4,2025
356,OD1356,5248.592925245189,,4,Furniture,Bookcases,UPI,2026-01-19 15:04:59,Customer_7,Uttar Pradesh,,1,1,2026
357,OD1357,5210.157438355525,-133.33209696166105,4,Clothing,Shirts,Credit Card,2025-12-22 16:14:39,Customer_27,Delhi,,12,4,2025
358,OD1358,3368.084716026919,535.8126611278502,3,Electronics,Phones,COD,2026-01-28 20:24:25,Customer_33,Tamil Nadu,,1,1,2026
359,OD1359,291.24126511164167,,1,Electronics,Laptops,Debit Card,2026-02-06 21:12:56,Customer_44,Uttar Pradesh,,2,1,2026
360,OD1360,1346.3010036906442,20.14583090770879,1,Electronics,Laptops,COD,2026-01-01 10:38:23,Customer_16,Maharashtra,,1,1,2026
361,OD1361,1722.6560380254646,-103.4511308310879,2,Furniture,Tables,UPI,2026-01-02 03:24:38,Customer_36,Tamil Nadu,,1,1,2026
362,OD1362,274.1157586007143,,1,Furniture,Tables,Debit Card,2025-12-16 21:10:02,Customer_44,Maharashtra,,12,4,2025
363,OD1363,3986.117482533282,-332.1921594445585,3,Furniture,Chairs,COD,2026-01-27 10:52:22,Customer_34,Gujarat,,1,1,2026
364,OD1364,5865.677410363596,-291.99291759652203,4,Clothing,Shirts,UPI,2026-02-11 01:39:37,Customer_41,Uttar Pradesh,,2,1,2026
365,OD1365,2359.0798307102427,-219.34501251121964,5,Electronics,Laptops,COD,2026-02-09 06:50:59,Customer_28,Delhi,,2,1,2026
366,OD1366,407.5803040066217,8.119085665891596,4,Clothing,Shirts,COD,2026-01-27 23:09:27,Customer_47,Gujarat,,1,1,2026
367,OD1367,865.7485519199433,200.7716327382466,1,Clothing,Jeans,Credit Card,2026-01-18 07:01:35,Customer_37,Tamil Nadu,,1,1,2026
368,OD1368,5436.949190258169,1000.6931853294348,4,Furniture,Bookcases,UPI,2025-12-22 12:32:05,Customer_26,Gujarat,,12,4,2025
369,OD1369,3053.335039028501,-234.6861101787188,4,Electronics,Accessories,Credit Card,2026-01-22 06:10:43,Customer_40,Tamil Nadu,,1,1,2026
370,OD1370,4750.796857832463,-85.55005132936742,4,Furniture,Bookcases,Credit Card,2026-02-11 21:21:44,Customer_15,Delhi,,2,1,2026
371,OD1371,1193.850598046227,156.77569619424668,1,Electronics,Laptops,COD,2025-12-27 23:27:27,Customer_25,Gujarat,,12,4,2025
372,OD1372,3999.785922880976,895.7283584745514,4,Clothing,Jeans,Credit Card,2026-02-03 15:12:04,Customer_44,Uttar Pradesh,,2,1,2026
373,OD1373,1065.9996322325208,,1,Electronics,Accessories,Credit Card,2026-01-04 04:42:40,Customer_18,Maharashtra,,1,1,2026
374,OD1374,1441.1077694794783,161.2079203954076,1,Clothing,T-shirts,Credit Card,2026-02-05 03:38:25,Customer_36,Delhi,,2,1,2026
375,OD1375,4846.360131523957,1315.6128631350136,5,Electronics,Laptops,UPI,2025-12-16 18:27:06,Customer_15,Delhi,,12,4,2025
376,OD1376,996.149075244655,77.91544904182362,3,Furniture,Chairs,COD,2026-01-26 15:17:14,Customer_5,Gujarat,,1,1,2026
377,OD1377,3631.200070786306,876.9855401734762,3,Electronics,Phones,Credit Card,2026-01-10 09:50:46,Customer_26,Maharashtra,,1,1,2026
378,OD1378,1663.1112068497491,-20.544426395725147,2,Clothing,Jeans,COD,2026-02-04 15:34:47,Customer_26,Karnataka,,2,1,2026
379,OD1379,2947.297942934425,-70.60824023597108,2,Clothing,Jeans,COD,2026-01-21 14:44:14,Customer_44,Maharashtra,,1,1,2026
380,OD1380,7170.277571984792,2056.586703824262,5,Clothing,Jeans,COD,2026-01-07 10:49:00,Customer_37,Uttar Pradesh,,1,1,2026
381,OD1381,741.5285105499673,157.60412574530105,1,Clothing,T-shirts,Credit Card,2026-01-26 10:42:15,Customer_33,Uttar Pradesh,,1,1,2026
382,OD1382,467.7774539462016,-45.086548573227056,4,Electronics,Laptops,Credit Card,2025-12-15 18:00:44,Customer_37,Delhi,,12,4,2025
383,OD1383,2054.531094853244,58.89928892934125,5,Clothing,Jeans,Debit Card,2026-01-14 23:14:20,Customer_37,Karnataka,,1,1,2026
384,OD1384,422.5130073101108,39.02163607980387,3,Furniture,Chairs,COD,2026-01-08 02:30:53,Customer_11,Gujarat,,1,1,2026
385,OD1385,4310.357370761566,421.85500275890865,3,Electronics,Laptops,COD,2026-01-25 03:23:13,Customer_33,Maharashtra,,1,1,2026
386,OD1386,542.3522993467752,42.165797629789736,3,Clothing,Shirts,COD,2026-01-19 16:04:46,Customer_26,Tamil Nadu,,1,1,2026
387,OD1387,2045.536362810809,488.6963659206873,3,Electronics,Phones,UPI,2026-02-02 08:17:09,Customer_49,Gujarat,,2,1,2026
388,OD1388,1227.5816884446376,,3,Clothing,T-shirts,COD,2025-12-17 10:41:06,Customer_1,Delhi,,12,4,2025
389,OD1389,3519.664541418523,660.5141814125473,5,Electronics,Phones,Debit Card,2025-12-14 05:52:21,Customer_31,Delhi,,12,4,2025
390,OD1390,2971.3527412021167,765.532548569936,5,Clothing,Jeans,UPI,2026-01-12 18:43:50,Customer_7,Tamil Nadu,,1,1,2026
391,OD1391,5009.7006519696115,1280.253897826468,4,Electronics,Laptops,COD,2026-01-19 05:53:25,Customer_33,Maharashtra,,1,1,2026
392,OD1392,3961.8378251678223,181.22117890929172,4,Clothing,Jeans,,2026-01-31 23:32:03,Customer_32,Maharashtra,,1,1,2026
393,OD1393,3810.468897224167,125.27455012709318,3,Clothing,Jeans,Credit Card,2025-12-30 13:37:45,Customer_5,Gujarat,,12,4,2025
394,OD1394,748.6111145819156,-61.26535099980981,1,Clothing,T-shirts,Debit Card,2026-01-05 10:45:23,Customer_49,Tamil Nadu,,1,1,2026
395,OD1395,5858.827253611026,-585.8554589523714,5,Clothing,T-shirts,UPI,2025-12-31 16:17:40,Customer_17,Tamil Nadu,,12,4,2025
396,OD1396,2627.597585785192,-20.58285253682683,5,Electronics,Laptops,UPI,2026-01-26 13:37:32,Customer_48,Gujarat,,1,1,2026
397,OD1397,4554.619430968804,1090.2399438362306,4,Furniture,Bookcases,UPI,2026-01-26 06:52:27,Customer_25,Uttar Pradesh,,1,1,2026
398,OD1398,453.9390485248808,,1,Furniture,Chairs,,2026-01-05 09:31:00,Customer_21,Karnataka,,1,1,2026
399,OD1399,5915.207055469865,1193.093145351938,4,Clothing,T-shirts,UPI,2026-01-19 11:54:04,Customer_13,Maharashtra,,1,1,2026
400,OD1400,2186.0983197233068,,2,Clothing,Jeans,COD,2026-02-03 23:29:38,Customer_32,Karnataka,,2,1,2026
401,OD1401,606.3943568034128,169.5984662250167,1,Furniture,Tables,COD,2026-02-10 21:02:57,Customer_23,Tamil Nadu,,2,1,2026
402,OD1402,819.3962498894748,,1,Electronics,Laptops,COD,2026-01-14 21:12:10,Customer_32,Delhi,,1,1,2026
403,OD1403,3674.776055426724,,3,Clothing,Jeans,,2026-01-29 14:52:14,Customer_35,Maharashtra,,1,1,2026
404,OD1404,517.9602579773257,-22.34056929713202,3,Electronics,Laptops,UPI,2026-01-26 18:25:31,Customer_34,Gujarat,,1,1,2026
405,OD1405,1081.6378062263636,206.40105163164955,1,Electronics,Accessories,COD,2026-01-07 01:51:58,Customer_33,Maharashtra,,1,1,2026
406,OD1406,656.4989434084548,140.80737766361037,2,Electronics,Accessories,Credit Card,2025-12-23 19:51:26,Customer_35,Maharashtra,,12,4,2025
407,OD1407,1096.5438549514165,240.16387739677347,4,Clothing,Jeans,UPI,2026-01-02 04:03:04,Customer_39,Gujarat,,1,1,2026
408,OD1408,3266.011368446106,,3,Clothing,Shirts,Debit Card,2026-01-08 10:25:48,Customer_9,Tamil Nadu,,1,1,2026
409,OD1409,7230.5933728815935,1343.1861559093447,5,Clothing,T-shirts,Credit Card,2026-01-14 19:03:34,Customer_14,Karnataka,,1,1,2026
410,OD1410,320.1824914516015,7.657210288050789,1,Clothing,T-shirts,UPI,2026-01-12 08:34:23,Customer_25,Uttar Pradesh,,1,1,2026
411,OD1411,996.2410312389976,25.050744078903076,5,Clothing,Shirts,Debit Card,2025-12-18 00:36:50,Customer_41,Karnataka,,12,4,2025
412,OD1412,4174.511546729239,-330.8954978892255,4,Clothing,T-shirts,Credit Card,2026-01-04 01:47:56,Customer_35,Tamil Nadu,,1,1,2026
413,OD1413,2028.9529339181504,555.9285848787438,3,Clothing,Shirts,COD,2026-01-24 12:56:24,Customer_46,Uttar Pradesh,,1,1,2026
414,OD1414,1794.589988888688,-119.21853534593966,3,Electronics,Laptops,Debit Card,2026-02-08 04:19:47,Customer_49,Tamil Nadu,,2,1,2026
415,OD1415,5899.477407289391,1262.1620962270126,4,Clothing,T-shirts,Debit Card,2025-12-17 05:33:31,Customer_2,Uttar Pradesh,,12,4,2025
416,OD1416,1209.610282872114,13.476401745860205,5,Clothing,Jeans,Debit Card,2026-02-03 06:33:17,Customer_24,Maharashtra,,2,1,2026
417,OD1417,7339.729631361014,-431.21979541895274,5,Electronics,Laptops,COD,2026-02-11 16:23:46,Customer_46,Uttar Pradesh,,2,1,2026
418,OD1418,2172.752398476847,150.11862403877106,2,Electronics,Phones,Credit Card,2025-12-31 17:44:30,Customer_44,Karnataka,,12,4,2025
419,OD1419,1552.511153164892,,2,Clothing,T-shirts,,2025-12-24 07:00:36,Customer_36,Uttar Pradesh,,12,4,2025
420,OD1420,2800.510577286137,-87.25203226130084,3,Furniture,Tables,,2026-01-31 07:08:33,Customer_44,Karnataka,,1,1,2026
421,OD1421,3754.649688042137,561.1681075379493,4,Electronics,Laptops,UPI,2026-01-14 15:56:29,Customer_14,Tamil Nadu,,1,1,2026
422,OD1422,1867.6912207435876,234.32798967564287,3,Furniture,Tables,COD,2025-12-20 17:27:11,Customer_49,Uttar Pradesh,,12,4,2025
423,OD1423,1797.3364542941924,-178.282463216403,4,Electronics,Accessories,COD,2026-01-19 02:48:54,Customer_21,Delhi,,1,1,2026
424,OD1424,7113.153811481558,1384.319965539872,5,Electronics,Laptops,COD,2026-02-02 13:48:44,Customer_3,Uttar Pradesh,,2,1,2026
425,OD1425,170.6845221773711,25.772446053349448,1,Furniture,Tables,Credit Card,2026-01-05 13:19:23,Customer_39,Maharashtra,,1,1,2026
426,OD1426,408.67717086262576,77.76732766145953,1,Electronics,Accessories,UPI,2026-01-07 22:49:24,Customer_23,Uttar Pradesh,,1,1,2026
427,OD1427,223.29583823613763,16.39730942665226,2,Furniture,Chairs,Credit Card,2026-02-02 00:36:47,Customer_21,Maharashtra,,2,1,2026
428,OD1428,2832.658586437015,536.4464105850693,4,Clothing,Jeans,,2026-01-30 21:46:19,Customer_16,Karnataka,,1,1,2026
429,OD1429,2162.4293804120093,-39.767365432464125,2,Electronics,Phones,COD,2026-02-11 08:01:57,Customer_16,Gujarat,,2,1,2026
430,OD1430,400.1690761904304,3.330419627788147,1,Clothing,Jeans,Debit Card,2026-02-02 11:31:26,Customer_36,Delhi,,2,1,2026
431,OD1431,1871.8681565228153,258.17046312882184,2,Clothing,T-shirts,Credit Card,2026-01-03 00:48:35,Customer_1,Delhi,,1,1,2026
432,OD1432,2372.7041670485146,31.608939435277485,3,Furniture,Bookcases,UPI,2026-01-02 14:26:29,Customer_2,Delhi,,1,1,2026
433,OD1433,2490.0859015008964,,3,Furniture,Chairs,COD,2025-12-24 03:55:02,Customer_10,Tamil Nadu,,12,4,2025
434,OD1434,567.0495046406604,,1,Furniture,Bookcases,COD,2026-01-21 19:27:10,Customer_3,Delhi,,1,1,2026
435,OD1435,1964.6922144772425,-1.270284527107701,2,Clothing,Shirts,UPI,2026-01-13 15:17:04,Customer_28,Gujarat,,1,1,2026
436,OD1436,5987.911510825488,405.7160022059676,5,Furniture,Bookcases,,2025-12-19 10:59:22,Customer_5,Delhi,,12,4,2025
437,OD1437,3705.302891244999,233.63099377089236,4,Electronics,Phones,Credit Card,2026-01-08 06:23:13,Customer_3,Maharashtra,,1,1,2026
438,OD1438,1344.5763314415697,362.5122306920296,2,Clothing,Jeans,Credit Card,2026-01-24 09:19:46,Customer_16,Tamil Nadu,,1,1,2026
439,OD1439,4119.628555938222,1040.932273227441,4,Electronics,Laptops,,2026-02-04 02:33:07,Customer_16,Karnataka,,2,1,2026
440,OD1440,533.7296254514565,-0.0091915932287834,1,Clothing,Shirts,UPI,2025-12-20 23:11:19,Customer_2,Maharashtra,,12,4,2025
441,OD1441,2519.955674137028,543.5976292578846,2,Electronics,Phones,UPI,2025-12-25 04:12:38,Customer_42,Tamil Nadu,,12,4,2025
442,OD1442,807.8878147907424,,1,Furniture,Tables,COD,2026-01-01 09:19:35,Customer_17,Tamil Nadu,,1,1,2026
443,OD1443,3781.259360262426,149.57160875557963,3,Electronics,Laptops,UPI,2026-02-02 17:53:44,Customer_18,Delhi,,2,1,2026
444,OD1444,5209.079964357044,1038.3901969801025,4,Clothing,Shirts,COD,2026-02-03 09:48:38,Customer_41,Tamil Nadu,,2,1,2026
445,OD1445,1685.7497002222244,-89.31014242663602,4,Clothing,Shirts,Debit Card,2026-01-04 10:37:17,Customer_24,Tamil Nadu,,1,1,2026
446,OD1446,3283.626759514253,-116.42059133717224,4,Furniture,Chairs,,2026-01-26 16:36:58,Customer_3,Uttar Pradesh,,1,1,2026
447,OD1447,1314.4547351470635,54.8239759202952,3,Clothing,T-shirts,Credit Card,2026-01-21 08:41:28,Customer_29,Maharashtra,,1,1,2026
448,OD1448,1709.8300987640505,341.5491308939319,3,Furniture,Bookcases,,2026-01-09 03:05:50,Customer_24,Tamil Nadu,,1,1,2026
449,OD1449,700.522066802202,,1,Electronics,Accessories,Credit Card,2025-12-25 13:46:21,Customer_44,Delhi,,12,4,2025
450,OD1450,1117.1460625043708,132.5763058149101,2,Electronics,Phones,Credit Card,2026-01-08 11:40:20,Customer_11,Tamil Nadu,,1,1,2026
451,OD1451,2860.4460289602644,-122.60791048721148,5,Electronics,Phones,COD,2026-01-19 14:51:07,Customer_44,Tamil Nadu,,1,1,2026
452,OD1452,1050.4568151089768,219.74998624278112,1,Electronics,Laptops,COD,2025-12-22 12:26:58,Customer_9,Maharashtra,,12,4,2025
453,OD1453,589.9928065213188,52.92353968107603,3,Furniture,Chairs,COD,2026-02-04 05:12:45,Customer_9,Karnataka,,2,1,2026
454,OD1454,4304.742346701599,865.4913398259534,4,Furniture,Chairs,COD,2025-12-30 02:17:10,Customer_18,Maharashtra,,12,4,2025
455,OD1455,844.2083554849904,,1,Clothing,Jeans,,2025-12-22 14:50:45,Customer_22,Tamil Nadu,,12,4,2025
456,OD1456,617.9388547011074,34.06723846048014,3,Clothing,Jeans,UPI,2025-12-24 02:14:10,Customer_44,Delhi,,12,4,2025
457,OD1457,1417.6504420776764,279.60690505550696,4,Furniture,Tables,Credit Card,2026-02-08 03:56:34,Customer_7,Maharashtra,,2,1,2026
458,OD1458,1251.312999706201,,2,Electronics,Phones,Credit Card,2026-02-08 07:59:47,Customer_13,Tamil Nadu,,2,1,2026
459,OD1459,3624.708231842363,-260.97390050959626,5,Clothing,T-shirts,Credit Card,2026-02-08 13:57:26,Customer_7,Karnataka,,2,1,2026
460,OD1460,2999.7357105396595,567.2353268443969,4,Clothing,T-shirts,,2026-01-31 11:12:14,Customer_8,Karnataka,,1,1,2026
461,OD1461,2052.716007519598,,2,Furniture,Bookcases,Debit Card,2025-12-15 17:01:43,Customer_24,Delhi,,12,4,2025
462,OD1462,913.4211307251531,,1,Electronics,Accessories,COD,2026-02-01 15:58:21,Customer_35,Tamil Nadu,,2,1,2026
463,OD1463,2323.805266565894,-218.78323664833655,2,Furniture,Bookcases,Credit Card,2025-12-15 04:40:38,Customer_18,Tamil Nadu,,12,4,2025
464,OD1464,1491.8611194416196,382.1608237039578,4,Clothing,Jeans,COD,2026-02-06 16:51:37,Customer_42,Karnataka,,2,1,2026
465,OD1465,5174.475747654719,,4,Electronics,Laptops,UPI,2026-01-16 20:01:58,Customer_46,Delhi,,1,1,2026
466,OD1466,1437.9593329287347,-27.462618689230226,3,Electronics,Phones,COD,2026-01-11 13:27:24,Customer_7,Tamil Nadu,,1,1,2026
467,OD1467,4456.328675445422,883.6959996503621,4,Clothing,T-shirts,COD,2026-01-19 22:08:22,Customer_23,Delhi,,1,1,2026
468,OD1468,1462.1735948818186,414.37873093771503,2,Furniture,Bookcases,Credit Card,2026-01-26 15:06:28,Customer_40,Uttar Pradesh,,1,1,2026
469,OD1469,4244.087613691225,655.9225210018562,3,Electronics,Accessories,UPI,2025-12-20 11:54:22,Customer_28,Gujarat,,12,4,2025
470,OD1470,5082.963527494094,1166.575498444884,5,Electronics,Laptops,,2025-12-23 15:18:22,Customer_5,Gujarat,,12,4,2025
471,OD1471,4732.5103634157285,942.410485085297,4,Clothing,Jeans,Credit Card,2026-02-04 22:40:20,Customer_17,Maharashtra,,2,1,2026
472,OD1472,6654.300408208734,-17.5761814217857,5,Electronics,Accessories,Credit Card,2025-12-17 03:00:57,Customer_34,Uttar Pradesh,,12,4,2025
473,OD1473,1357.086861740732,346.39272417606804,1,Furniture,Tables,Credit Card,2026-01-19 18:19:23,Customer_48,Uttar Pradesh,,1,1,2026
474,OD1474,3713.397203550861,678.5681664526531,3,Furniture,Tables,Credit Card,2026-01-29 00:11:05,Customer_22,Gujarat,,1,1,2026
475,OD1475,3687.993222712629,896.9542810904902,3,Clothing,Shirts,Debit Card,2026-02-10 05:12:33,Customer_36,Tamil Nadu,,2,1,2026
476,OD1476,394.1887344806315,17.411604497445545,3,Electronics,Phones,UPI,2026-01-29 19:31:59,Customer_9,Uttar Pradesh,,1,1,2026
477,OD1477,366.1202345818433,-34.100470587056414,3,Clothing,Shirts,,2025-12-31 14:44:06,Customer_37,Gujarat,,12,4,2025
478,OD1478,322.45387558833073,88.79267188613238,3,Clothing,Jeans,COD,2026-02-03 23:00:23,Customer_37,Delhi,,2,1,2026
479,OD1479,5947.803279568288,1205.5725398186462,4,Clothing,Shirts,UPI,2025-12-31 14:19:41,Customer_36,Tamil Nadu,,12,4,2025
480,OD1480,3589.1131113646215,887.8185068838964,4,Clothing,Shirts,UPI,2025-12-28 07:11:37,Customer_29,Gujarat,,12,4,2025
481,OD1481,2270.9979547683197,175.37496680050492,3,Electronics,Accessories,Credit Card,2026-01-23 20:07:45,Customer_29,Maharashtra,,1,1,2026
482,OD1482,805.6052690348564,225.31190501574005,1,Furniture,Tables,UPI,2026-01-10 19:30:20,Customer_30,Uttar Pradesh,,1,1,2026
483,OD1483,1002.8995353944802,100.43414891648204,3,Furniture,Bookcases,Debit Card,2026-01-15 03:56:39,Customer_47,Maharashtra,,1,1,2026
484,OD1484,3440.7362689893644,771.0808157079199,3,Furniture,Tables,Debit Card,2025-12-31 00:34:25,Customer_24,Gujarat,,12,4,2025
485,OD1485,2069.7296564888284,486.2764256982082,2,Furniture,Tables,,2026-01-22 12:10:59,Customer_24,Delhi,,1,1,2026
486,OD1486,3238.486192412911,761.892706199872,3,Electronics,Accessories,Credit Card,2026-01-01 16:01:49,Customer_1,Uttar Pradesh,,1,1,2026
487,OD1487,1575.8372999094315,203.3506043184238,5,Clothing,T-shirts,UPI,2026-02-08 00:52:35,Customer_14,Gujarat,,2,1,2026
488,OD1488,577.7650860887363,40.05879779355027,4,Clothing,T-shirts,,2026-01-02 20:39:41,Customer_34,Gujarat,,1,1,2026
489,OD1489,1187.1736921863103,291.09348463312847,3,Clothing,T-shirts,Credit Card,2026-02-01 15:19:06,Customer_37,Karnataka,,2,1,2026
490,OD1490,1496.1330598650438,-131.64414629490895,1,Electronics,Accessories,COD,2026-01-25 20:59:16,Customer_11,Maharashtra,,1,1,2026
491,OD1491,936.7584801879406,31.95434933728623,5,Clothing,Jeans,Debit Card,2026-02-03 00:33:57,Customer_31,Maharashtra,,2,1,2026
492,OD1492,1095.7244028384976,59.431036433204056,5,Electronics,Laptops,Credit Card,2026-02-05 04:47:33,Customer_35,Delhi,,2,1,2026
493,OD1493,409.4993745459245,30.869162809636464,2,Clothing,T-shirts,Debit Card,2026-02-04 23:10:03,Customer_33,Uttar Pradesh,,2,1,2026
494,OD1494,1670.2664557728167,,3,Electronics,Accessories,Credit Card,2026-01-01 15:54:53,Customer_1,Gujarat,,1,1,2026
495,OD1495,937.9538955361612,-14.817067915014489,5,Electronics,Phones,Credit Card,2026-02-10 09:22:07,Customer_19,Delhi,,2,1,2026
496,OD1496,2522.0798555521264,460.70886560481745,2,Furniture,Bookcases,Credit Card,2026-01-20 00:34:35,Customer_6,Tamil Nadu,,1,1,2026
497,OD1497,313.1918054021129,-9.490538323922523,3,Furniture,Tables,COD,2026-01-12 18:43:52,Customer_6,Delhi,,1,1,2026
498,OD1498,989.3733201332416,,2,Electronics,Accessories,Credit Card,2026-01-03 14:53:35,Customer_2,Karnataka,,1,1,2026
499,OD1499,1078.8513908229174,124.29347850817044,2,Electronics,Accessories,COD,2026-01-14 20:22:29,Customer_8,Maharashtra,,1,1,2026
